#{"t_start": 1777700627.1266294, "env_id": "None"}
r,l,t223.448614,20,677.493005
22.486455,20,680.560209
23.385769,20,683.403062
23.313198,20,686.564587
23.487028,20,689.373037
22.459018,20,692.619888
23.338621,20,695.845784
22.468343,20,698.868446
22.47088,20,702.339095
22.431288,20,705.088621
23.319272,20,1429.891402
24.785828,20,1433.085578
25.525347,20,1435.563336
21.526226,20,1437.447978
21.474522,20,1440.078364
22.960211,20,1442.958953
22.671011,20,1445.52376
22.906037,20,1448.760112
22.621653,20,1451.404102
21.705454,20,1454.133783
26.407396,20,2196.396172
27.332019,20,2199.632571
27.312813,20,2202.479455
27.395715,20,2205.452528
26.663914,20,2208.728187
28.593198,20,2211.588701
28.667152,20,2214.259205
26.88729,20,2217.148898
28.997547,20,2220.46102
26.949729,20,2223.488624
28.440825,20,2999.703206
30.313017,20,3002.486491
28.924957,20,3005.650732
27.40369,20,3008.25168
26.716663,20,3010.838061
26.768807,20,3013.621496
27.816588,20,3016.650747
30.002484,20,3019.531946
29.105669,20,3022.251373
28.210876,20,3025.544829
29.803449,20,3365.89773
29.094448,20,3367.091853
30.943191,20,3368.146425
29.238673,20,3369.537427
31.11816,20,3370.78516
29.529869,20,3371.948554
28.565451,20,3373.016161
29.926085,20,3374.481915
29.151567,20,3375.671237
30.051874,20,3376.732306
31.417617,20,3716.264283
29.781233,20,3717.316983
31.596831,20,3718.674714
27.84012,20,3719.967919
29.669914,20,3721.036789
29.667587,20,3722.086173
29.700568,20,3723.675956
31.614511,20,3724.886225
31.704604,20,3725.929159
30.437167,20,3727.323565
28.678395,20,4084.750152
28.173618,20,4087.037634
29.916218,20,4089.374909
31.842621,20,4091.350626
28.087375,20,4093.344097
32.606764,20,4095.701058
29.648783,20,4098.063981
29.854533,20,4100.103361
30.781921,20,4102.174004
31.04882,20,4104.450652
29.068173,20,4435.437932
29.711978,20,4436.520566
28.806965,20,4438.000204
30.854957,20,4439.265546
29.134898,20,4440.594246
31.808067,20,4441.615398
29.828227,20,4443.059201
32.599815,20,4444.352769
29.949737,20,4445.718453
30.405118,20,4446.834278
30.300991,20,4852.430701
32.307799,20,4853.461861
29.897628,20,4854.829745
31.926053,20,4856.058946
29.882531,20,4857.068341
30.570713,20,4858.122566
29.438486,20,4859.504062
30.505464,20,4860.716619
30.20792,20,4861.758543
28.956412,20,4863.196948
31.196131,20,5188.480115
31.219916,20,5189.798187
31.850911,20,5191.624502
28.053925,20,5193.165049
33.079442,20,5194.513183
31.382798,20,5195.781404
30.974974,20,5197.438238
29.076367,20,5199.02889
30.615134,20,5200.347485
32.12337,20,5201.678987
86,20,256.846921
24.290356,20,260.208847
23.500618,20,263.073302
25.230259,20,265.659447
25.492627,20,269.048509
24.597804,20,271.968886
23.467734,20,274.611342
18.443379,20,277.248867
20.36728,20,280.187163
25.068346,20,282.875945
23.440232,20,286.225157
24.190747,20,289.014809
18.732545,20,291.469235
25.037518,20,294.580912
25.815908,20,297.358187
23.726818,20,299.985132
24.36545,20,303.336504
22.400233,20,306.025359
22.855335,20,308.357963
22.487629,20,311.757085
23.830457,20,314.563705
25.619064,20,317.25666
24.320972,20,321.575137
24.167596,20,324.761439
26.530225,20,327.501794
24.242837,20,330.447353
23.173247,20,333.70532
24.194438,20,336.378072
16.602631,20,338.926107
24.008331,20,342.009948
21.744925,20,344.688316
23.382549,20,347.49263
21.671043,20,350.696655
22.786542,20,353.524347
18.902947,20,356.481848
21.673079,20,359.625351
23.37863,20,362.408616
22.958,20,365.724939
14.92146,20,368.425067
24.173664,20,370.845625
21.782401,20,373.906353
19.660375,20,376.74075
24.082751,20,379.306415
24.26831,20,382.539275
20.288187,20,385.122012
21.984387,20,387.768619
22.151737,20,390.993123
24.895908,20,394.717693
23.215506,20,397.173305
24.301347,20,399.935646
23.206008,20,403.019508
25.523716,20,405.572646
23.414833,20,408.460239
23.239111,20,411.300547
15.532674,20,413.676206
25.548682,20,416.686017
24.064827,20,419.573983
23.663373,20,422.115299
21.971814,20,425.522824
18.873642,20,428.11691
17.734406,20,430.816836
23.14129,20,433.721603
24.184502,20,436.387359
22.671731,20,439.13395
25.478982,20,442.216525
23.614502,20,444.680658
25.982947,20,447.237025
21.822261,20,450.672646
22.65538,20,453.207598
22.023516,20,455.808566
24.922037,20,459.078583
23.049166,20,461.628925
22.699342,20,464.257802
24.353566,20,468.586914
22.368409,20,471.573355
22.740863,20,474.312541
23.882555,20,476.98307
22.370768,20,479.946439
19.601386,20,482.972396
21.889479,20,485.441579
23.163237,20,488.384786
23.113435,20,491.594347
21.572195,20,494.174101
21.553884,20,496.951949
24.589404,20,500.056218
21.942489,20,502.690774
25.637561,20,505.297973
23.281842,20,508.387019
23.050622,20,511.472364
23.258609,20,514.04909
22.915892,20,516.610993
23.327148,20,519.788398
23.350516,20,522.593123
23.862575,20,525.206336
24.525935,20,528.052026
21.702875,20,531.122539
22.650759,20,533.957888
24.563845,20,536.93292
22.393107,20,541.436228
24.75308,20,544.289215
22.733349,20,547.233795
21.439297,20,550.037115
18.977771,20,552.967138
25.817089,20,556.190604
22.951484,20,558.797612
22.186309,20,561.115031
24.062751,20,564.028552
23.140284,20,566.438699
24.756116,20,569.462095
23.586718,20,572.765871
21.232669,20,575.376127
23.443512,20,578.328669
22.957746,20,581.34237
22.801713,20,584.274407
23.251128,20,586.924227
24.195278,20,589.831556
21.252546,20,592.971447
25.421323,20,595.72874
25.441826,20,598.335755
22.649531,20,601.57854
23.819179,20,604.515144
23.621934,20,607.437914
24.088987,20,610.370343
24.083845,20,613.564917
24.753403,20,617.764439
24.589639,20,620.816302
25.236322,20,623.89981
24.711388,20,626.9713
23.983049,20,629.837747
22.507514,20,632.607952
24.030335,20,636.215441
24.020207,20,639.012868
22.522481,20,641.808261
22.072442,20,644.85763
24.368958,20,648.204341
22.184165,20,650.943959
23.156157,20,653.827809
22.084077,20,656.917506
24.700536,20,659.729729
22.206857,20,662.69128
25.533027,20,665.440382
22.931702,20,668.443509
22.469858,20,671.682834
24.203428,20,674.593624
23.759404,20,707.994039
20.143306,20,710.922793
25.317832,20,714.095681
24.6601,20,717.281143
23.360895,20,720.250168
23.631168,20,722.96748
23.349651,20,727.29552
21.888127,20,730.605605
24.93156,20,733.674386
24.651561,20,736.313115
23.220942,20,738.996754
24.127952,20,742.275389
21.212645,20,745.159617
25.730543,20,748.072869
22.369609,20,751.511329
20.707659,20,754.25796
22.420216,20,756.907809
24.411556,20,760.094353
24.105545,20,763.301583
21.411057,20,766.12515
23.714464,20,769.145327
22.673854,20,772.369418
22.962298,20,775.429801
22.360275,20,778.130105
21.726292,20,781.032701
25.563431,20,784.238003
22.748708,20,787.406852
23.038859,20,790.072567
23.86197,20,792.890174
24.633249,20,796.129157
22.914609,20,798.985012
22.23076,20,803.325171
23.106002,20,806.774881
22.213894,20,810.042006
23.154897,20,813.033992
24.404935,20,816.151017
23.388724,20,819.257968
23.568346,20,821.852993
22.809249,20,824.797603
25.584791,20,827.142308
23.224053,20,830.050798
21.229594,20,832.888324
23.464426,20,835.865426
22.809043,20,839.27668
24.456138,20,842.067873
24.171923,20,845.005948
22.481358,20,848.385795
23.467161,20,851.253607
23.30395,20,854.012116
25.470047,20,857.020386
21.629095,20,860.189428
25.319137,20,863.198977
24.374336,20,865.979267
25.369233,20,869.133504
21.12911,20,872.004184
26.850066,20,874.894507
21.537893,20,878.35784
25.3367,20,883.073366
24.350428,20,885.921475
22.287589,20,889.058407
23.912466,20,892.06326
22.023783,20,894.9374
21.287659,20,897.677099
21.360087,20,900.973544
20.839408,20,903.703405
23.452355,20,906.371617
22.341548,20,909.66657
22.877665,20,912.706948
24.641641,20,915.351093
25.080703,20,917.920272
22.791684,20,921.064861
22.960371,20,923.880003
23.354836,20,926.525595
23.072396,20,929.623909
22.953864,20,932.618495
24.31426,20,935.247937
25.360592,20,938.393747
22.447944,20,941.164698
21.021902,20,943.700963
24.426373,20,946.631004
26.587899,20,949.662698
23.047615,20,952.455013
22.455836,20,956.734442
20.898525,20,959.971116
25.700553,20,962.966614
25.464337,20,965.773617
23.817472,20,968.463482
24.030229,20,971.797364
22.851092,20,974.561239
23.813824,20,977.434726
23.830343,20,980.433111
23.583939,20,983.246465
24.743017,20,985.939666
23.092284,20,989.409322
24.477852,20,992.132168
26.307886,20,994.945348
26.008977,20,997.568874
24.406485,20,1000.706684
23.383103,20,1003.622873
22.432982,20,1006.368169
23.499422,20,1009.480042
23.896122,20,1012.398237
22.806428,20,1015.016108
23.757303,20,1018.010409
22.881379,20,1021.116084
22.180124,20,1023.857221
23.911132,20,1026.717551
23.411463,20,1030.059437
22.615767,20,1034.057336
24.338608,20,1036.900134
25.174917,20,1040.236936
22.443417,20,1042.987872
24.392712,20,1045.7614
22.948969,20,1048.408537
22.880156,20,1051.390308
23.110369,20,1054.459462
22.211689,20,1057.372607
26.245312,20,1060.628049
24.867702,20,1063.588123
27.421863,20,1066.515701
23.637504,20,1069.450903
22.354603,20,1072.617148
25.330195,20,1075.531165
21.679495,20,1078.286721
21.340874,20,1081.165528
24.749821,20,1083.938109
25.941342,20,1086.358994
23.749377,20,1089.274359
23.423457,20,1092.165602
24.75029,20,1094.924006
24.518022,20,1097.76051
23.852918,20,1100.869775
23.236615,20,1103.607402
24.571428,20,1106.093489
25.065745,20,1110.518619
24.225623,20,1113.371671
23.755765,20,1116.034132
25.534165,20,1119.217592
25.471396,20,1121.664181
23.903398,20,1124.271001
24.370378,20,1126.890282
21.968665,20,1129.922733
23.243251,20,1132.711912
22.871755,20,1135.168018
25.487544,20,1138.098148
24.66256,20,1140.765112
28.494172,20,1143.488478
20.708047,20,1146.013268
25.354737,20,1149.033363
23.119453,20,1151.91873
22.408266,20,1154.627451
22.682752,20,1157.090574
23.68694,20,1160.155142
26.028587,20,1163.235468
21.773266,20,1165.984133
23.870614,20,1169.372261
25.292877,20,1171.964788
26.779082,20,1174.698933
19.442622,20,1177.777779
28.478277,20,1181.626803
24.248676,20,1184.336837
22.207575,20,1187.293196
21.630304,20,1190.258857
25.273498,20,1192.913973
23.784655,20,1195.661272
25.086117,20,1198.952677
25.419146,20,1201.848006
28.160819,20,1204.455391
22.779227,20,1207.150467
22.537481,20,1210.157511
22.01999,20,1212.887672
25.987357,20,1215.48962
26.553731,20,1218.436672
25.528892,20,1221.130237
22.902762,20,1224.013961
27.327793,20,1226.71025
24.521447,20,1229.846452
26.910677,20,1232.66592
23.223322,20,1235.422576
23.62557,20,1238.355504
24.763551,20,1241.53974
23.462168,20,1244.327672
23.755554,20,1247.084667
24.025979,20,1250.107352
20.845444,20,1252.808144
23.001096,20,1256.759931
26.044903,20,1259.370522
26.878708,20,1261.331258
27.472849,20,1262.335804
24.898087,20,1263.257974
23.370074,20,1264.259673
26.137365,20,1265.845819
24.494766,20,1268.775628
22.153937,20,1271.386672
22.633953,20,1274.561026
25.259876,20,1277.405373
26.628245,20,1280.301656
24.987386,20,1282.903497
23.268448,20,1285.988373
24.540239,20,1288.53864
27.168922,20,1290.470783
25.724732,20,1292.877375
23.868557,20,1295.127616
23.317792,20,1297.213447
24.811728,20,1299.266371
25.438323,20,1301.653863
21.510001,20,1303.776223
24.322209,20,1305.890655
24.513053,20,1307.837874
25.126849,20,1309.959866
21.989209,20,1313.83364
24.803848,20,1316.650742
24.256069,20,1319.514531
25.655914,20,1322.258352
23.989628,20,1325.313487
23.841119,20,1327.913708
24.717127,20,1330.806968
25.33504,20,1333.901989
24.31954,20,1336.294986
24.149368,20,1339.132432
26.070215,20,1342.003342
20.566958,20,1345.087629
25.143512,20,1347.904951
25.676006,20,1350.55046
24.304222,20,1353.454535
25.288123,20,1356.004662
22.88137,20,1358.712469
22.150365,20,1361.531112
22.359316,20,1364.423416
23.158996,20,1367.386774
23.877577,20,1369.973689
25.856306,20,1372.806716
23.839671,20,1376.052504
24.561128,20,1378.93362
23.172842,20,1381.939799
24.908574,20,1385.007831
24.703385,20,1389.196234
24.236696,20,1391.844536
26.128946,20,1394.8671
26.849153,20,1397.900968
23.194527,20,1400.829467
24.973947,20,1403.757375
24.758091,20,1406.830738
25.660062,20,1409.69787
23.804919,20,1412.900444
23.929987,20,1415.739378
25.222632,20,1418.489826
23.802777,20,1421.730353
26.783427,20,1424.382633
23.139387,20,1427.13659
23.477041,20,1457.19327
24.549352,20,1460.459948
26.358989,20,1463.34542
24.955607,20,1466.234558
24.201738,20,1469.074446
23.473219,20,1472.162544
23.114562,20,1474.854408
24.381032,20,1477.689031
24.120416,20,1480.162272
22.92945,20,1482.923317
24.479662,20,1485.983043
24.28993,20,1489.000646
23.5876,20,1493.153838
24.091023,20,1496.162911
23.704696,20,1499.433009
23.488594,20,1502.453602
25.29459,20,1505.249857
24.342267,20,1508.317311
26.907925,20,1511.310802
22.540915,20,1514.176904
22.868326,20,1516.990812
23.947693,20,1520.189483
22.991982,20,1523.058122
25.540238,20,1525.968091
21.782376,20,1528.793696
27.343425,20,1532.202109
25.890161,20,1535.00929
24.244512,20,1537.670865
24.997351,20,1540.297159
25.188222,20,1543.342394
22.657346,20,1546.138621
22.452664,20,1548.863097
24.539895,20,1551.825855
24.719747,20,1555.023568
27.83486,20,1557.81497
23.497158,20,1560.242802
25.179244,20,1563.239555
24.702773,20,1567.292543
25.890469,20,1568.198291
23.685684,20,1569.626397
23.682136,20,1572.802838
22.499825,20,1575.803451
24.792141,20,1578.715186
24.317274,20,1581.592638
26.980503,20,1585.170291
26.066051,20,1588.097031
25.423972,20,1590.849571
25.757714,20,1593.679053
26.042653,20,1597.743322
21.543672,20,1600.64139
26.690306,20,1603.405933
25.412553,20,1606.141114
22.544222,20,1609.562236
25.878015,20,1612.841718
23.192636,20,1615.237823
27.545919,20,1617.971912
22.492516,20,1620.938713
23.988819,20,1623.946507
23.412627,20,1626.942228
25.013469,20,1630.122919
24.976567,20,1632.932099
23.332516,20,1635.417505
25.231207,20,1638.413059
24.658248,20,1642.692579
24.951623,20,1645.386473
25.320249,20,1648.181433
25.450286,20,1651.387365
23.764256,20,1654.176158
25.989494,20,1656.984369
24.300572,20,1659.829557
26.006236,20,1662.676843
21.595191,20,1665.402639
26.276154,20,1668.164328
25.461649,20,1670.913097
27.872907,20,1673.875272
26.257441,20,1676.886885
24.065527,20,1679.714758
24.220323,20,1683.066267
24.440316,20,1685.646881
25.976824,20,1688.487616
24.018539,20,1691.088363
24.452461,20,1693.411304
25.182631,20,1694.384591
25.170106,20,1695.208789
23.747434,20,1697.044691
24.58487,20,1699.989702
26.425761,20,1702.706492
22.304661,20,1705.245891
25.753774,20,1709.391317
24.449691,20,1712.424151
24.284921,20,1715.205079
23.806043,20,1717.948273
25.009869,20,1720.933012
24.2771,20,1723.950726
25.150584,20,1726.665866
24.943058,20,1729.651681
26.550951,20,1732.846925
23.078297,20,1735.680511
25.888478,20,1738.380504
25.285151,20,1741.277875
25.608299,20,1744.456348
25.92365,20,1747.258332
23.990984,20,1749.804903
27.783078,20,1752.9732
24.609042,20,1755.812581
24.079602,20,1758.557223
25.426629,20,1761.79139
26.345378,20,1764.342615
23.766536,20,1767.27057
25.817282,20,1769.848199
26.973954,20,1772.968946
22.220443,20,1775.753829
22.549693,20,1778.441056
26.757413,20,1781.223116
26.373769,20,1785.459147
26.69242,20,1788.359082
26.281296,20,1790.997384
24.569445,20,1794.213552
26.433244,20,1797.075357
24.067993,20,1799.942939
23.640675,20,1803.004817
25.28165,20,1806.365377
24.225334,20,1809.374055
22.447245,20,1811.852326
26.437584,20,1814.844534
24.606252,20,1817.743797
25.090683,20,1820.492248
26.935043,20,1823.151261
24.791982,20,1826.328462
27.786361,20,1829.115652
24.367244,20,1831.627692
26.003162,20,1834.804914
26.871702,20,1837.749451
20.715542,20,1840.327722
25.93919,20,1843.258736
25.70449,20,1846.673006
22.92259,20,1849.780909
23.994203,20,1852.577806
24.028413,20,1855.769428
24.497187,20,1858.566904
25.594713,20,1862.416374
24.703308,20,1865.262275
27.153008,20,1868.303967
26.846992,20,1871.26198
25.377191,20,1873.769497
25.580888,20,1877.211167
26.397321,20,1880.053727
24.009846,20,1882.580679
25.545157,20,1885.489467
25.700111,20,1888.819861
28.890445,20,1891.533074
24.480105,20,1894.070387
24.233837,20,1896.992998
25.734854,20,1900.112395
25.727105,20,1903.07807
25.183774,20,1905.86154
25.669866,20,1908.616284
24.366207,20,1911.772048
27.704404,20,1914.562553
22.563688,20,1917.102386
23.690475,20,1920.305286
24.18013,20,1923.036629
25.793226,20,1925.68258
27.461443,20,1928.657634
27.617218,20,1931.591362
23.114563,20,1935.579364
24.647715,20,1938.4489
25.070532,20,1941.57651
23.333216,20,1944.399778
25.918806,20,1947.092672
23.747248,20,1950.241079
25.584749,20,1953.019667
26.345001,20,1955.696473
26.07725,20,1958.475345
25.988512,20,1961.6708
26.725994,20,1964.220114
25.716476,20,1966.943607
25.034525,20,1969.732017
25.765492,20,1972.861604
25.511493,20,1975.702142
26.760689,20,1978.54117
25.829194,20,1982.028638
23.245865,20,1984.9648
26.05145,20,1987.648581
26.924185,20,1990.67024
27.253118,20,1993.85474
28.103853,20,1996.95689
25.609459,20,1999.823842
24.787144,20,2003.104536
26.189806,20,2006.870973
26.718684,20,2009.990884
27.791478,20,2014.178953
27.446515,20,2017.21388
23.931094,20,2020.102191
27.934977,20,2023.048814
28.590429,20,2026.000618
25.535831,20,2029.333534
24.467729,20,2032.234089
26.274431,20,2035.283192
25.34272,20,2038.493686
27.402152,20,2041.548074
26.35723,20,2044.195467
26.368536,20,2047.234769
28.796172,20,2050.253183
26.371097,20,2053.186668
27.188497,20,2056.107943
21.351529,20,2059.57073
25.589003,20,2062.559391
25.75644,20,2065.33148
25.366177,20,2068.344196
25.791898,20,2071.357683
25.860603,20,2074.186699
28.408354,20,2077.159663
26.695036,20,2080.192936
25.013703,20,2083.398011
25.847938,20,2086.233472
23.806591,20,2090.390563
25.949712,20,2093.427087
25.060128,20,2096.653661
25.746197,20,2099.519563
24.375387,20,2102.302156
25.315561,20,2105.769156
26.556918,20,2108.662688
27.045311,20,2111.57777
26.5533,20,2114.605081
27.223275,20,2118.080346
25.611404,20,2121.47573
26.734462,20,2124.373426
26.370032,20,2127.380906
25.824278,20,2130.973716
27.568895,20,2134.155533
26.505442,20,2137.147246
24.437205,20,2140.502235
25.741068,20,2143.335413
26.29055,20,2146.172829
27.690774,20,2149.043929
24.679527,20,2152.550798
28.202804,20,2155.490888
26.740937,20,2158.391964
26.760767,20,2161.464244
25.628138,20,2164.86574
24.495439,20,2167.770784
25.94392,20,2171.984172
27.458882,20,2175.456535
27.583142,20,2178.333199
25.650756,20,2181.320707
25.046984,20,2184.340841
25.5743,20,2187.655621
25.862974,20,2190.76626
24.221523,20,2193.482386
26.100467,20,2226.47026
25.393863,20,2229.531377
27.962119,20,2232.860819
25.867263,20,2235.904985
26.436483,20,2238.95777
25.594226,20,2241.996178
26.704619,20,2245.391795
27.019928,20,2248.146534
25.214401,20,2251.181871
24.159728,20,2254.37669
25.673745,20,2257.152331
23.147229,20,2259.941745
27.612973,20,2262.889398
26.895198,20,2266.231962
27.202904,20,2269.061785
25.935596,20,2272.085019
24.196461,20,2275.450886
26.622958,20,2278.531282
26.300266,20,2282.575139
26.505242,20,2285.557989
25.227732,20,2288.883624
26.098859,20,2291.942576
26.369724,20,2294.86886
25.265649,20,2298.32022
25.265619,20,2301.082049
27.437436,20,2303.959503
27.83344,20,2306.838681
25.012637,20,2310.245366
28.204297,20,2313.1938
23.906162,20,2316.06922
26.825153,20,2319.130367
24.921937,20,2322.654232
24.053948,20,2325.89662
26.508941,20,2328.855055
25.809228,20,2331.916231
26.410156,20,2335.073605
27.552603,20,2338.006993
25.084949,20,2340.639462
25.683392,20,2343.062737
25.789971,20,2346.373198
25.803027,20,2349.392218
26.720501,20,2352.362547
24.110896,20,2355.348528
27.402974,20,2360.108418
27.38154,20,2363.239548
25.322103,20,2366.303182
27.108905,20,2369.805176
27.131768,20,2372.717856
25.00894,20,2375.722074
24.704789,20,2378.819632
27.878757,20,2382.263521
26.804848,20,2385.258613
26.981005,20,2388.273136
25.38669,20,2391.060044
28.463132,20,2394.375855
27.809603,20,2397.742949
22.093473,20,2400.581034
25.347057,20,2404.155587
26.89056,20,2407.034352
24.753038,20,2409.850806
27.495408,20,2412.99718
25.867573,20,2416.412596
24.958217,20,2419.170557
27.644552,20,2422.072293
27.065487,20,2425.152756
25.541654,20,2428.375512
26.261961,20,2431.326759
28.5764,20,2434.035422
27.881045,20,2437.015416
26.622672,20,2441.676224
25.959934,20,2444.59857
27.881016,20,2447.568187
25.623436,20,2450.916785
25.956437,20,2453.850452
24.71074,20,2456.747133
29.176593,20,2459.728019
26.983492,20,2462.819578
25.629679,20,2465.601688
26.094469,20,2468.542995
29.183262,20,2471.5626
27.276444,20,2474.829252
27.07862,20,2477.795276
26.432851,20,2480.696584
26.522253,20,2483.729625
26.73946,20,2487.045741
24.730267,20,2490.043097
24.006538,20,2492.906308
28.95404,20,2495.967157
28.198834,20,2499.365029
27.757885,20,2502.21524
27.004961,20,2505.297438
29.431655,20,2508.764484
27.613516,20,2511.696379
28.526057,20,2514.638695
27.305108,20,2518.985107
25.616578,20,2522.115288
26.189254,20,2525.005073
27.753487,20,2527.880479
28.335818,20,2531.034099
31.483532,20,2534.519253
28.655643,20,2537.502746
25.129976,20,2540.233491
26.109655,20,2543.324079
25.135446,20,2546.488039
27.543329,20,2549.441051
27.361581,20,2552.383487
27.079845,20,2555.3575
27.643682,20,2558.644785
27.227006,20,2561.540612
27.488709,20,2564.562892
26.333759,20,2568.039767
27.581324,20,2570.981227
25.528046,20,2573.808861
27.274414,20,2577.222904
27.179226,20,2580.092128
25.803219,20,2582.955728
27.476831,20,2586.092857
27.825459,20,2589.478617
28.198831,20,2592.205935
25.025104,20,2595.055142
27.181512,20,2599.378769
27.373576,20,2602.695892
24.858641,20,2605.47615
26.083372,20,2608.29396
26.145027,20,2611.269298
25.803146,20,2614.49955
28.943728,20,2617.403046
27.859081,20,2620.383585
26.905398,20,2623.775497
26.060584,20,2626.510139
27.763093,20,2629.200249
26.488269,20,2631.925279
26.372833,20,2635.379781
26.557688,20,2638.666358
27.225888,20,2641.690917
28.169378,20,2645.241218
28.094608,20,2648.021032
25.690113,20,2650.877205
26.402106,20,2653.942079
27.664961,20,2657.037707
26.129506,20,2659.981096
28.866454,20,2662.902417
27.051272,20,2665.891953
25.869737,20,2669.146875
25.520243,20,2672.130014
25.28048,20,2675.158491
27.846527,20,2679.964906
28.949159,20,2682.826491
25.02126,20,2685.942327
26.828932,20,2688.83358
28.994256,20,2692.28649
25.60529,20,2695.271502
27.247241,20,2698.203318
26.027843,20,2701.589161
26.326062,20,2704.322941
25.813607,20,2706.965712
28.128721,20,2709.967401
26.449174,20,2713.579722
27.373997,20,2716.931891
28.707757,20,2720.125837
29.560323,20,2723.133497
25.702891,20,2726.410228
28.167494,20,2729.447485
26.089824,20,2732.353681
27.145305,20,2735.46262
26.744212,20,2738.806768
28.187696,20,2741.753269
27.649166,20,2744.516165
24.899478,20,2747.748921
25.120212,20,2750.733549
27.945389,20,2753.569478
26.252962,20,2757.82569
25.533021,20,2761.287534
27.279174,20,2764.617368
28.983804,20,2767.702614
26.832158,20,2771.060941
27.989672,20,2774.173371
28.855494,20,2776.898578
26.46706,20,2779.844693
28.653909,20,2783.546825
27.134018,20,2786.779457
27.046319,20,2789.720917
26.388861,20,2793.230038
25.749444,20,2796.427758
25.270399,20,2799.495156
28.626799,20,2802.555725
27.333164,20,2805.807231
27.504882,20,2808.672714
27.851146,20,2811.526002
27.265075,20,2814.557533
27.727391,20,2817.86653
28.205533,20,2820.837218
26.80334,20,2823.970785
25.19727,20,2827.40434
26.285612,20,2830.546456
27.528862,20,2833.726499
28.900727,20,2836.753726
27.383284,20,2841.444412
26.985079,20,2844.383186
27.055737,20,2847.379197
29.954075,20,2850.466839
29.146732,20,2853.619916
28.21655,20,2856.675522
27.495448,20,2859.489365
28.388274,20,2862.713969
27.156002,20,2866.00917
26.977699,20,2869.226459
24.121718,20,2872.206895
25.888939,20,2875.498015
28.892881,20,2878.636648
27.663112,20,2881.515614
26.573317,20,2884.761685
28.854195,20,2887.399304
28.032305,20,2890.273971
27.172662,20,2892.831734
26.630951,20,2895.91755
26.724063,20,2898.795214
26.266135,20,2901.679805
26.788977,20,2904.479484
27.613043,20,2907.677747
26.690012,20,2910.693759
26.5298,20,2913.588578
27.625855,20,2917.60355
25.956515,20,2920.45053
28.479561,20,2923.363938
26.201453,20,2926.222712
27.886238,20,2929.458644
27.395437,20,2932.001038
27.893308,20,2934.821679
27.492858,20,2937.533349
25.813071,20,2940.520215
28.46372,20,2943.353043
28.403238,20,2946.196234
29.091126,20,2949.136335
27.104471,20,2952.24503
25.811616,20,2955.04861
27.533782,20,2957.708471
29.362749,20,2960.578051
25.394356,20,2963.640876
26.805981,20,2966.595281
29.069744,20,2969.368712
26.584322,20,2972.634231
27.121474,20,2975.563873
25.912016,20,2978.249658
29.436859,20,2981.05216
28.032466,20,2984.214313
26.523161,20,2986.959568
26.415548,20,2989.750567
25.857536,20,2993.803871
25.814258,20,2996.872751
29.026721,20,3028.346431
28.701059,20,3031.009896
27.39292,20,3033.957613
26.799674,20,3037.201753
28.673906,20,3040.025656
28.972593,20,3042.861356
28.547165,20,3045.669969
26.209216,20,3048.96182
26.930141,20,3051.844177
25.999888,20,3054.53512
29.005915,20,3057.502898
28.036557,20,3060.673569
27.107619,20,3063.617386
26.321045,20,3066.239541
26.864927,20,3069.056695
26.60862,20,3072.065476
26.376367,20,3074.92855
29.75675,20,3076.853448
27.876176,20,3077.63864
28.082783,20,3078.680084
26.626209,20,3079.553983
29.051199,20,3080.370226
28.171899,20,3081.145283
26.339768,20,3082.193241
27.164825,20,3083.36047
26.288904,20,3084.185605
27.235844,20,3085.173154
27.406032,20,3086.111669
26.547838,20,3086.906365
29.412313,20,3087.668762
29.19752,20,3088.696441
26.15403,20,3089.6095
28.004729,20,3090.401047
28.616344,20,3091.222113
27.648409,20,3092.441715
28.089268,20,3093.768085
27.302686,20,3095.077091
28.225193,20,3096.579134
28.649328,20,3097.830836
26.827585,20,3099.166078
28.605345,20,3100.417715
27.048384,20,3101.863893
27.050253,20,3103.146902
28.45974,20,3104.433498
27.473852,20,3105.491637
27.112776,20,3106.781203
27.01366,20,3107.881388
27.058272,20,3108.966222
30.169392,20,3110.12526
26.147393,20,3111.800585
27.241313,20,3113.005794
29.991525,20,3114.191353
27.494819,20,3115.401659
26.133501,20,3116.78776
28.291428,20,3117.954001
29.587258,20,3119.074432
27.256609,20,3120.372166
27.481466,20,3121.421962
26.418033,20,3122.64917
28.374752,20,3123.782381
28.000441,20,3125.277889
29.034488,20,3126.381626
27.588298,20,3127.530634
27.558547,20,3128.789838
25.867565,20,3130.307429
30.189339,20,3132.28905
27.05196,20,3133.66524
27.230083,20,3134.863455
26.546854,20,3136.384652
29.320573,20,3137.875611
28.589054,20,3139.110541
28.083312,20,3140.406949
28.938593,20,3141.93248
28.818945,20,3143.26468
27.593868,20,3144.492837
27.958168,20,3146.485539
27.663674,20,3147.872053
27.69555,20,3149.118361
25.648472,20,3150.436074
29.659809,20,3151.929137
28.279434,20,3153.457624
29.585224,20,3154.760835
29.013472,20,3155.934746
27.507893,20,3157.441396
26.154287,20,3158.851211
26.545261,20,3160.129134
28.400804,20,3161.340807
28.48664,20,3162.769815
27.247544,20,3163.971916
28.19056,20,3165.265149
30.821989,20,3166.717264
28.260368,20,3167.965508
29.600279,20,3169.322407
30.373706,20,3170.579773
25.904344,20,3171.964733
28.572799,20,3173.482394
28.00193,20,3174.793932
28.814452,20,3176.038546
28.430679,20,3177.356431
26.739344,20,3178.743953
26.038853,20,3180.410494
29.158294,20,3181.619426
26.610188,20,3183.112091
30.149167,20,3184.424537
27.983393,20,3185.6795
29.111672,20,3187.174432
29.272911,20,3188.446726
26.434664,20,3189.757939
28.855291,20,3191.004867
26.509559,20,3192.516313
28.267802,20,3193.785271
26.405031,20,3195.086571
27.975554,20,3196.300265
26.275972,20,3197.71809
28.288398,20,3199.159314
28.816393,20,3200.436215
28.189647,20,3201.687045
26.524824,20,3203.012241
28.566396,20,3204.238638
26.226515,20,3205.31749
29.562637,20,3206.38416
27.037508,20,3207.584633
28.0777,20,3208.770358
26.448375,20,3209.904407
27.100879,20,3211.103281
27.817937,20,3212.361529
28.174214,20,3213.960257
27.239131,20,3215.023723
29.038479,20,3216.360272
28.251145,20,3217.441203
27.219054,20,3218.646988
27.107942,20,3219.754926
27.284366,20,3221.081771
26.910097,20,3222.234828
28.22236,20,3223.435023
28.172316,20,3224.456034
28.402985,20,3225.733335
25.974164,20,3226.925675
27.202385,20,3228.084296
26.894804,20,3229.206905
25.888985,20,3230.525937
26.896116,20,3231.61841
30.309318,20,3232.708222
26.735923,20,3233.785528
28.355275,20,3235.23003
30.855184,20,3236.508827
26.270655,20,3237.810383
27.487372,20,3239.062661
30.216898,20,3240.491811
28.703957,20,3241.611532
29.558131,20,3242.693862
28.562111,20,3243.781299
28.262587,20,3245.475781
27.237412,20,3246.72213
28.440656,20,3247.747496
27.468276,20,3248.87434
28.496591,20,3250.139604
27.528145,20,3251.391987
29.325495,20,3252.540149
26.43451,20,3253.585597
30.205792,20,3254.862279
27.220025,20,3256.084596
30.05639,20,3257.183497
29.475889,20,3258.216567
31.924637,20,3259.615566
28.559299,20,3260.82925
27.350113,20,3261.975586
28.038344,20,3263.013751
29.614387,20,3264.348611
30.875627,20,3265.620009
29.345993,20,3266.688651
27.688546,20,3267.705857
29.56666,20,3268.973828
27.632995,20,3270.171325
26.193984,20,3271.274958
28.207132,20,3272.347497
27.696628,20,3273.623062
30.063577,20,3275.299467
28.827384,20,3276.392448
29.101542,20,3277.443179
28.374847,20,3278.860079
27.708319,20,3280.094172
28.102694,20,3281.201951
26.848058,20,3282.418402
27.625358,20,3283.576293
28.712117,20,3284.723974
29.555311,20,3285.834
27.434361,20,3287.062049
26.480851,20,3288.18368
29.170342,20,3289.356667
28.243931,20,3290.426622
28.109844,20,3291.715958
28.70449,20,3292.84783
26.338067,20,3294.076597
25.717107,20,3295.191653
28.552079,20,3296.483053
27.801342,20,3297.683231
28.692717,20,3298.78108
26.886489,20,3299.875013
28.264415,20,3301.11892
29.087721,20,3302.262061
26.519143,20,3303.335707
30.439557,20,3304.487346
28.55031,20,3306.268377
28.082635,20,3307.367336
28.23592,20,3308.464797
27.53309,20,3309.587739
28.130441,20,3310.859678
28.207257,20,3311.983099
28.352745,20,3313.136207
26.486327,20,3314.414667
29.57083,20,3315.548334
28.108542,20,3316.715415
28.947109,20,3317.746421
30.303848,20,3319.044038
28.038514,20,3320.189802
28.262265,20,3321.383092
28.960702,20,3322.401456
27.571296,20,3323.613296
28.019319,20,3325.273472
29.152641,20,3327.169447
28.254979,20,3328.835029
28.958574,20,3330.78966
28.419412,20,3332.548726
26.90463,20,3333.492327
29.987185,20,3334.485364
29.301019,20,3335.971049
27.771691,20,3337.199497
28.009343,20,3338.658089
29.358177,20,3339.7498
29.107962,20,3341.256633
28.569709,20,3342.53263
29.288202,20,3343.575483
28.023871,20,3344.696043
26.755435,20,3346.139063
28.815978,20,3347.4299
26.77059,20,3348.434253
29.012615,20,3349.590792
29.011827,20,3351.090347
27.619322,20,3352.392349
29.172123,20,3353.465839
28.491864,20,3354.551861
27.936954,20,3355.983647
29.250564,20,3357.310502
27.13098,20,3358.393385
28.796875,20,3359.493753
26.770614,20,3360.879287
28.427352,20,3362.24074
26.747194,20,3363.351828
28.100363,20,3364.446157
27.683667,20,3378.231993
29.610445,20,3379.341782
28.460366,20,3380.582722
27.775968,20,3381.662755
29.451929,20,3383.527465
27.464226,20,3384.552315
28.134756,20,3385.794141
26.506166,20,3386.787208
30.356852,20,3388.255305
29.036454,20,3389.408256
29.521955,20,3390.702027
27.330844,20,3391.846663
27.370038,20,3393.321759
30.569278,20,3394.426418
30.154648,20,3395.625141
29.319819,20,3396.738066
29.967363,20,3398.238826
27.067233,20,3399.655579
29.622823,20,3401.044041
29.543539,20,3402.183799
28.458926,20,3403.537362
26.944172,20,3404.974468
26.847228,20,3406.100412
29.343365,20,3407.344692
31.668252,20,3408.854929
27.403156,20,3410.246393
28.501786,20,3411.317108
30.431606,20,3412.385469
30.312582,20,3413.858901
30.654884,20,3415.121459
31.069601,20,3416.669249
29.784998,20,3417.736623
29.330937,20,3419.364079
27.736583,20,3420.763262
28.962711,20,3422.004955
27.718305,20,3423.391118
30.268158,20,3424.659091
30.265383,20,3425.996508
28.353384,20,3427.054701
28.256663,20,3428.435125
26.886386,20,3429.532729
27.804056,20,3430.709274
28.797801,20,3431.779803
28.291479,20,3432.832189
28.503051,20,3434.345114
26.824989,20,3435.738691
25.554349,20,3436.871751
28.829697,20,3437.972194
28.627474,20,3439.431942
29.320521,20,3440.729407
27.794522,20,3441.807972
27.170452,20,3443.24091
28.595985,20,3444.592246
28.408121,20,3446.013343
29.919006,20,3447.244193
28.347259,20,3449.162785
29.626921,20,3450.458005
29.278887,20,3451.543908
30.052856,20,3452.640126
30.111769,20,3454.047395
27.721555,20,3455.237165
28.362127,20,3456.399028
28.662124,20,3457.445732
29.216284,20,3458.9023
30.148358,20,3460.365351
27.979975,20,3461.688978
26.527038,20,3462.92939
28.246543,20,3464.240554
26.508876,20,3465.36125
29.115525,20,3466.539536
30.453028,20,3467.612259
28.281708,20,3469.058331
29.307517,20,3470.323425
27.508346,20,3471.403087
26.766881,20,3472.510909
30.285504,20,3473.974681
26.022113,20,3475.237422
29.215963,20,3476.308626
31.104063,20,3477.410181
29.914585,20,3478.826063
29.328587,20,3480.107553
27.879277,20,3481.569401
30.179012,20,3482.640553
29.291559,20,3484.138033
28.014405,20,3485.337141
27.745539,20,3486.450959
27.702902,20,3487.589516
28.650286,20,3489.138682
28.322337,20,3490.36745
30.608874,20,3491.442788
28.149979,20,3492.892738
26.901385,20,3493.989955
30.607503,20,3495.287092
27.735618,20,3496.331365
28.179514,20,3497.38698
29.031245,20,3498.997707
26.83482,20,3500.258265
28.600401,20,3501.352522
30.099668,20,3502.835447
30.218113,20,3503.896137
27.678617,20,3505.102106
29.26119,20,3506.167044
29.107509,20,3507.658046
30.021009,20,3509.035636
28.151455,20,3510.227481
27.466107,20,3511.323539
27.238505,20,3513.232928
26.487812,20,3514.552135
28.994801,20,3515.641948
26.708288,20,3516.781762
27.910977,20,3518.253772
27.565361,20,3519.737945
28.025525,20,3520.819279
29.256781,20,3521.932582
27.904664,20,3523.485373
26.11112,20,3524.903004
29.070421,20,3526.096741
29.476309,20,3527.214927
27.907665,20,3528.660084
30.387576,20,3529.8378
26.790758,20,3530.92851
26.11164,20,3532.009478
27.74284,20,3533.529041
29.283418,20,3534.701868
29.467304,20,3535.811683
28.854266,20,3536.912746
28.759284,20,3538.47401
29.556635,20,3539.762525
28.135791,20,3540.835077
28.114132,20,3541.92522
27.650389,20,3543.503976
26.093928,20,3544.710203
30.318843,20,3546.212654
27.802983,20,3547.262363
28.9002,20,3548.774249
28.86399,20,3550.019907
28.30467,20,3551.101529
30.833198,20,3552.605005
28.329537,20,3553.795882
30.875532,20,3555.037272
27.539035,20,3556.124343
27.801982,20,3557.568527
29.393686,20,3558.747372
27.169249,20,3559.893912
28.989007,20,3560.961827
24.392814,20,3562.410007
29.199598,20,3563.626095
29.127239,20,3564.941361
29.503458,20,3566.019032
31.815582,20,3567.113373
28.159015,20,3568.529708
31.265113,20,3569.785808
29.35478,20,3570.853623
29.784593,20,3571.982264
28.168846,20,3573.309137
28.598396,20,3574.579006
27.892888,20,3575.72725
29.873691,20,3577.221233
27.309137,20,3578.739203
26.891046,20,3579.983869
26.455717,20,3581.107027
28.814989,20,3582.569679
30.162474,20,3583.630296
27.130688,20,3584.86995
29.352246,20,3585.956089
27.398326,20,3587.3686
28.956814,20,3588.726475
26.626115,20,3590.082763
27.871651,20,3591.254192
30.027033,20,3592.855751
28.198806,20,3594.045156
29.782257,20,3595.271366
28.808571,20,3596.368269
27.885262,20,3597.882821
27.913033,20,3598.887178
27.95089,20,3600.095739
29.929841,20,3601.170713
26.838432,20,3602.653629
29.582839,20,3603.762327
27.545719,20,3605.003474
29.468997,20,3606.100478
31.415997,20,3607.208858
30.139864,20,3608.620452
29.141179,20,3610.252192
30.565927,20,3611.312887
27.846514,20,3612.369017
29.584453,20,3613.829225
28.030858,20,3615.30416
27.741582,20,3616.537817
27.026814,20,3617.800936
26.924747,20,3619.271261
28.678796,20,3620.84704
28.116586,20,3622.126905
29.234753,20,3623.327765
28.843996,20,3624.848248
28.65453,20,3626.132652
27.988428,20,3627.218851
29.21372,20,3628.297538
27.700072,20,3629.755311
30.996649,20,3631.06042
28.100453,20,3632.435317
29.528074,20,3633.628373
29.034518,20,3635.200754
28.485429,20,3636.494013
27.394272,20,3638.926776
29.905179,20,3640.598923
28.918431,20,3642.538484
25.754691,20,3644.094902
29.087058,20,3646.033995
27.487688,20,3648.290117
28.08582,20,3650.148657
29.586346,20,3652.324613
26.747837,20,3654.089687
29.370299,20,3655.787825
29.469867,20,3657.482306
28.208522,20,3659.68045
28.936338,20,3661.602176
30.23023,20,3663.398145
30.845158,20,3665.163609
28.743479,20,3667.284362
28.42015,20,3669.463004
28.881959,20,3671.297386
28.731238,20,3673.208117
29.407383,20,3675.193596
29.43166,20,3677.233866
29.599535,20,3679.002835
30.663317,20,3680.862816
29.77516,20,3682.938124
27.600814,20,3684.790454
28.12392,20,3686.796293
28.637373,20,3688.757277
31.776175,20,3690.872448
29.001699,20,3692.632042
30.592665,20,3694.374857
29.811976,20,3696.290193
29.666067,20,3697.760375
28.416882,20,3699.049131
27.604598,20,3700.346894
29.824606,20,3701.436458
28.585707,20,3702.569881
27.993305,20,3704.130778
29.041383,20,3705.478733
28.639643,20,3706.552983
27.632656,20,3707.612735
29.654193,20,3709.015566
30.203685,20,3710.289766
28.738134,20,3711.408231
29.697829,20,3712.447448
28.466549,20,3713.876904
29.612419,20,3715.150668
28.351197,20,3728.496586
27.206292,20,3729.754019
29.622307,20,3730.836499
27.339549,20,3731.934075
29.963269,20,3733.302295
26.469569,20,3734.651891
28.705236,20,3735.760509
29.738181,20,3736.799975
29.148024,20,3738.269454
27.131601,20,3739.711169
27.799036,20,3741.434247
28.791131,20,3742.534814
30.187271,20,3743.982866
27.290234,20,3745.288667
28.864664,20,3746.555148
29.306839,20,3747.638739
29.894423,20,3749.084452
25.502024,20,3750.178155
29.148316,20,3751.357799
29.641318,20,3752.45844
26.349049,20,3753.891395
26.592006,20,3755.025289
29.664824,20,3756.260545
26.387119,20,3757.314864
31.429127,20,3758.794852
29.433528,20,3759.948902
28.584905,20,3761.102053
27.069585,20,3762.176431
28.456938,20,3763.67654
29.585595,20,3764.715845
30.739749,20,3765.940446
27.050003,20,3767.029204
28.428321,20,3768.10033
29.285247,20,3769.505313
29.472135,20,3770.706845
29.611277,20,3771.815486
32.023454,20,3773.409996
29.038296,20,3774.851497
29.318959,20,3776.041435
30.182321,20,3777.097151
30.989837,20,3778.143943
28.663386,20,3779.508026
28.121674,20,3780.915767
27.785423,20,3782.081676
30.514526,20,3783.151861
30.299691,20,3784.613101
30.087808,20,3785.936861
30.403784,20,3786.970474
29.714808,20,3788.090551
30.846787,20,3789.428646
28.524057,20,3790.694755
30.311701,20,3791.80545
28.918541,20,3792.871673
30.137416,20,3794.270052
29.483959,20,3795.491732
29.410147,20,3796.53136
27.262383,20,3797.632766
28.317636,20,3799.118835
30.301808,20,3800.277725
29.05703,20,3801.364115
29.560443,20,3802.456414
30.020188,20,3804.389889
28.431309,20,3805.764087
29.057141,20,3806.891746
27.987049,20,3807.979978
29.585556,20,3809.337161
30.100263,20,3810.676571
28.258122,20,3811.717614
28.441056,20,3812.762345
29.819961,20,3814.185721
27.848666,20,3815.425049
28.866326,20,3816.612113
28.5885,20,3817.713457
30.767774,20,3819.15574
28.995561,20,3820.427541
26.442572,20,3821.641656
28.710417,20,3822.730613
25.419736,20,3824.176092
27.581955,20,3825.327117
30.366162,20,3826.522963
28.839261,20,3827.649122
29.111646,20,3829.030427
29.056848,20,3830.13353
30.113881,20,3831.389078
28.946054,20,3832.498923
30.001501,20,3833.905405
29.35475,20,3835.227744
29.342356,20,3837.037534
30.976673,20,3838.121823
28.88883,20,3839.530769
31.336962,20,3840.698958
31.364954,20,3841.873349
27.837084,20,3842.946572
30.30577,20,3844.03547
30.700955,20,3845.495844
28.822028,20,3846.713799
30.12806,20,3847.806235
29.351708,20,3848.829785
29.355029,20,3850.32126
30.49436,20,3851.657876
29.675748,20,3852.722963
32.246254,20,3853.766982
28.70859,20,3855.279642
29.412138,20,3856.450854
28.759859,20,3857.670309
27.072381,20,3858.729797
31.29294,20,3860.175082
30.27931,20,3861.247646
28.17843,20,3862.540726
26.745934,20,3863.701104
28.09626,20,3865.185009
28.892994,20,3866.343682
27.888007,20,3868.082374
28.060543,20,3869.22116
30.104689,20,3870.824077
26.818088,20,3871.961373
28.769263,20,3873.170132
29.634777,20,3874.233932
28.419652,20,3875.361693
30.064179,20,3876.899126
27.008691,20,3878.130095
29.406965,20,3879.208565
27.618134,20,3880.282898
27.756242,20,3881.677497
28.060597,20,3883.033242
28.513827,20,3884.108504
30.335647,20,3885.202383
27.253393,20,3886.605931
29.958892,20,3887.862756
26.534519,20,3888.963551
26.248766,20,3890.023768
26.691025,20,3891.394225
29.815914,20,3892.50693
31.714915,20,3893.7105
28.773017,20,3894.801829
29.621635,20,3896.235257
30.258355,20,3897.463034
29.9601,20,3898.694067
27.753083,20,3900.239064
29.781316,20,3901.717096
28.801872,20,3902.765079
29.00874,20,3903.947487
28.31639,20,3905.040833
30.140576,20,3906.461865
29.996664,20,3907.729983
29.384878,20,3908.994913
28.394567,20,3910.055255
31.413857,20,3911.476599
28.195219,20,3912.775747
26.769648,20,3913.923214
27.782425,20,3915.052369
26.316238,20,3916.648335
27.931468,20,3918.018444
29.149036,20,3919.442319
29.759566,20,3920.710542
30.444388,20,3922.190196
29.538639,20,3923.5236
27.90423,20,3924.860805
29.565519,20,3926.196184
27.124651,20,3927.70854
28.304705,20,3928.954439
28.351451,20,3930.425027
28.723967,20,3931.659785
29.621769,20,3933.299147
28.986244,20,3935.059352
26.827113,20,3936.436637
29.627683,20,3937.666852
29.024057,20,3939.342814
29.376938,20,3940.528377
29.760548,20,3941.984141
28.68737,20,3943.287359
31.069092,20,3944.576557
29.747306,20,3946.218574
28.392147,20,3947.783196
30.767967,20,3949.098181
30.038206,20,3950.433885
28.636738,20,3951.919249
28.326928,20,3953.314363
28.66401,20,3954.781436
28.504878,20,3956.07144
27.623961,20,3957.684797
29.186754,20,3959.072134
30.883277,20,3960.416566
28.996675,20,3961.719456
29.38878,20,3963.403174
27.635801,20,3964.67567
30.341408,20,3966.104568
28.855937,20,3967.562809
28.522738,20,3969.20597
30.70582,20,3970.946609
29.280019,20,3972.480002
30.412115,20,3973.809177
31.146857,20,3975.079376
27.820016,20,3976.79803
29.092791,20,3978.134356
31.722586,20,3979.446302
30.969597,20,3980.683459
30.349314,20,3982.268594
31.288454,20,3983.791622
27.682939,20,3985.044627
27.176497,20,3986.358523
28.085725,20,3987.994737
28.329297,20,3989.426653
30.792832,20,3990.983921
29.254094,20,3992.324738
29.065147,20,3994.069713
27.7301,20,3995.464611
29.221007,20,3996.994245
29.645689,20,3998.298856
27.875258,20,3999.95738
30.029315,20,4001.368001
29.972601,20,4002.867892
29.559804,20,4004.234825
31.568135,20,4007.145844
29.98106,20,4008.797612
29.567894,20,4011.382537
30.772265,20,4013.289735
30.56221,20,4015.1984
27.985634,20,4017.403255
29.244066,20,4019.496612
27.417953,20,4021.506199
29.702846,20,4023.491333
29.042774,20,4025.575034
30.181406,20,4027.838087
30.748414,20,4029.766035
31.969093,20,4031.663848
28.976582,20,4033.823213
30.82128,20,4035.867425
26.722357,20,4037.792992
29.021707,20,4039.755298
29.764211,20,4042.031534
28.63547,20,4044.043823
30.441486,20,4046.181105
28.653916,20,4048.220807
30.806752,20,4050.489164
31.321983,20,4052.46122
28.519352,20,4054.558357
30.550378,20,4056.565182
28.111198,20,4058.884196
30.215145,20,4060.821238
27.833499,20,4063.803986
26.327441,20,4065.616452
28.590811,20,4067.987172
30.69318,20,4069.915061
29.543833,20,4072.033066
30.845466,20,4074.095366
30.269553,20,4076.542303
28.843723,20,4078.523075
28.874153,20,4080.78185
29.27973,20,4082.815741
29.617432,20,4106.827457
28.524714,20,4108.932704
30.39457,20,4111.032808
29.166221,20,4113.367389
28.864713,20,4115.520352
29.178107,20,4117.552963
26.672321,20,4118.883067
30.331012,20,4120.708726
26.208766,20,4121.863977
30.913915,20,4123.205573
28.948462,20,4124.4781
28.42036,20,4126.02201
30.614413,20,4127.350256
30.111205,20,4128.795267
30.486474,20,4130.004673
31.341879,20,4131.556965
30.012773,20,4133.257342
28.865342,20,4134.596228
28.720545,20,4135.82308
29.318129,20,4137.432242
28.163715,20,4138.741276
29.574847,20,4140.220586
30.68443,20,4141.373874
28.129503,20,4142.842707
29.476857,20,4144.233571
27.937228,20,4145.468608
26.446912,20,4146.575947
28.665847,20,4148.074356
27.808672,20,4149.412032
29.422024,20,4150.733494
28.441111,20,4151.793012
31.046232,20,4153.31635
26.466688,20,4154.581958
26.819197,20,4155.959087
27.935808,20,4157.050616
29.523168,20,4158.150455
31.752778,20,4159.824172
29.000138,20,4161.189995
28.524167,20,4162.304154
29.823151,20,4163.780365
31.227685,20,4165.062038
27.879846,20,4166.490823
30.845145,20,4168.204585
29.788811,20,4169.621842
30.262418,20,4170.866356
30.414594,20,4172.204461
30.467217,20,4173.43023
27.753312,20,4175.087331
30.294474,20,4176.435663
30.602137,20,4177.67777
30.873287,20,4178.780637
28.774692,20,4179.85118
29.597029,20,4181.297419
30.424532,20,4182.566302
29.390321,20,4183.62782
28.349782,20,4185.095135
30.288396,20,4186.292116
29.174579,20,4187.504835
29.775997,20,4188.58587
29.942896,20,4190.082527
31.830079,20,4191.292388
28.415492,20,4192.641838
27.613063,20,4193.72787
28.75999,20,4195.190322
27.489721,20,4196.352639
30.716436,20,4197.625094
30.824944,20,4198.734247
29.684896,20,4200.29755
28.968321,20,4201.761134
29.343445,20,4202.958206
28.70639,20,4204.021874
29.4866,20,4205.135125
29.269117,20,4206.68239
29.54886,20,4207.909064
28.164094,20,4209.041888
30.616627,20,4210.109471
30.535361,20,4211.721328
27.128407,20,4212.888491
27.142223,20,4213.949426
29.648531,20,4215.383533
30.498715,20,4216.648585
29.097274,20,4218.048572
29.97801,20,4219.061286
30.073751,20,4220.544537
29.697708,20,4221.789312
28.914332,20,4222.981833
28.029588,20,4224.097111
29.952662,20,4225.219786
32.316269,20,4226.828043
30.448647,20,4228.179729
29.439989,20,4229.286806
29.160175,20,4230.78149
29.181842,20,4231.911746
31.581303,20,4233.631191
30.755635,20,4234.687301
30.444786,20,4235.734239
29.131169,20,4237.246187
29.487015,20,4238.415914
28.157471,20,4239.538088
30.641197,20,4240.683303
28.065042,20,4242.177984
28.795847,20,4243.605456
31.443657,20,4244.828818
29.583352,20,4246.242642
30.608726,20,4247.538493
28.810172,20,4248.877086
31.28095,20,4249.934398
29.599504,20,4251.02358
29.196411,20,4252.592077
27.717361,20,4253.879507
27.823997,20,4254.900086
28.957644,20,4256.347365
28.374732,20,4257.510028
31.140381,20,4258.664011
29.273966,20,4259.750077
27.380875,20,4260.802313
30.022291,20,4262.299363
30.583405,20,4263.511806
29.061683,20,4265.016744
28.613553,20,4266.117697
31.112228,20,4267.810268
27.767178,20,4269.052883
29.515277,20,4270.166464
30.127959,20,4271.68618
26.796767,20,4272.746726
28.078941,20,4273.996749
31.246658,20,4275.105817
27.894083,20,4276.584315
29.965212,20,4277.795932
29.016389,20,4279.031834
28.608059,20,4280.181497
29.343621,20,4281.611871
29.099481,20,4282.765586
29.444698,20,4284.001293
30.794886,20,4285.043811
31.181521,20,4286.533985
28.608685,20,4287.708003
30.517835,20,4288.902727
28.168291,20,4289.984664
28.502622,20,4291.427295
29.585511,20,4292.528534
29.503064,20,4293.700608
29.029594,20,4294.791406
27.645971,20,4296.177933
28.549395,20,4297.879283
28.893611,20,4299.123846
30.240438,20,4300.223022
31.306454,20,4301.708853
28.883146,20,4302.970091
28.042829,20,4304.347001
31.240809,20,4305.488694
27.766313,20,4306.89836
31.441076,20,4308.165071
28.766494,20,4309.491503
31.521711,20,4310.709805
30.769595,20,4312.18145
29.043045,20,4313.585818
29.40947,20,4314.873679
30.742877,20,4315.954458
26.393217,20,4317.502771
29.772737,20,4318.743071
29.304378,20,4320.044416
30.154348,20,4321.171234
30.626653,20,4322.616745
30.393768,20,4323.784586
29.373921,20,4325.258622
29.932745,20,4326.344783
30.427764,20,4327.824822
28.900274,20,4329.042046
29.858884,20,4330.439424
29.026575,20,4332.168214
27.482598,20,4333.453236
29.300009,20,4335.037263
27.756702,20,4336.351894
28.813029,20,4337.411059
30.330675,20,4338.490454
28.469462,20,4339.918212
28.747562,20,4341.153115
30.029046,20,4342.252244
28.167232,20,4343.360012
28.772287,20,4344.891459
29.062385,20,4346.081755
30.703974,20,4347.153395
28.577069,20,4348.232421
30.224182,20,4349.851026
30.505053,20,4351.112617
27.404477,20,4352.163147
31.942005,20,4353.214382
29.715137,20,4354.786231
30.616706,20,4356.164991
28.898722,20,4357.336075
30.909268,20,4358.404464
30.127808,20,4360.005388
29.33894,20,4361.276289
28.037624,20,4362.359133
30.60934,20,4363.872013
30.005789,20,4365.324661
30.367584,20,4366.643697
27.842245,20,4367.75478
29.995332,20,4368.819644
27.499388,20,4370.321712
28.686988,20,4371.736921
27.673718,20,4373.022189
31.559056,20,4374.272199
27.845828,20,4375.805521
27.58864,20,4376.939407
30.358129,20,4378.127933
30.436564,20,4379.238185
28.432032,20,4380.682213
27.822469,20,4381.966326
29.654008,20,4383.076346
29.743346,20,4384.143516
31.571292,20,4385.632883
29.30794,20,4387.019405
27.500121,20,4388.313627
29.537112,20,4389.38917
28.935657,20,4390.848718
28.982038,20,4392.164753
28.856651,20,4393.3659
28.556732,20,4394.48964
26.685677,20,4395.955575
28.696766,20,4397.514879
28.778551,20,4398.806687
30.403716,20,4399.952541
29.235282,20,4401.338942
28.781546,20,4402.416583
29.610473,20,4403.647178
28.833185,20,4404.795897
27.627189,20,4406.283869
27.900624,20,4407.490288
31.293748,20,4408.941108
29.318942,20,4410.113004
29.985658,20,4411.674995
27.783985,20,4412.87747
26.975788,20,4414.285417
29.856791,20,4415.575601
30.741267,20,4417.213384
31.494773,20,4418.474599
29.027536,20,4419.672737
28.138709,20,4420.720601
29.436412,20,4422.209934
30.627476,20,4423.380905
29.436407,20,4424.778721
27.445042,20,4426.02962
29.848884,20,4427.493396
28.593228,20,4428.7556
28.709511,20,4430.381277
29.670877,20,4431.483122
29.953214,20,4432.976789
27.292983,20,4434.259431
29.153431,20,4448.308875
30.45257,20,4449.683137
28.982249,20,4450.937201
26.374753,20,4452.069556
29.608893,20,4453.562581
28.184093,20,4454.823825
30.580337,20,4456.031147
28.524827,20,4457.138293
28.609305,20,4458.651996
27.882438,20,4459.937867
29.534823,20,4461.388178
31.564978,20,4462.611459
28.561978,20,4464.119409
28.55217,20,4465.377322
26.647383,20,4466.75526
28.963852,20,4467.845644
27.500901,20,4469.379771
29.005123,20,4470.705947
29.605106,20,4472.0261
29.123521,20,4473.342407
29.680171,20,4474.840625
29.123237,20,4476.121164
28.412648,20,4477.905424
27.953725,20,4479.163658
29.700492,20,4480.639561
29.783891,20,4482.007288
27.684783,20,4483.399611
29.158495,20,4484.616899
30.95901,20,4486.279806
29.009744,20,4487.64866
29.877858,20,4488.983559
28.707424,20,4490.254813
28.639322,20,4491.74378
25.93998,20,4493.091377
29.500095,20,4494.507469
29.112496,20,4495.731385
29.524502,20,4497.285723
30.796493,20,4498.686832
29.608422,20,4500.038249
29.197255,20,4501.355378
29.246799,20,4502.936377
29.202813,20,4504.329837
26.4268,20,4505.686309
29.404055,20,4506.935434
30.432765,20,4508.481545
31.440653,20,4509.745881
29.975733,20,4511.061531
28.314783,20,4512.381488
28.597024,20,4514.499469
30.530184,20,4515.892368
30.590695,20,4517.311375
30.091046,20,4518.515155
27.586679,20,4520.133142
31.03868,20,4521.49213
28.013286,20,4522.805271
28.283619,20,4524.139495
30.456723,20,4525.74514
28.312551,20,4526.973566
31.182412,20,4528.364481
28.511755,20,4529.681644
29.881413,20,4531.222777
29.721962,20,4532.629905
31.78647,20,4533.930161
29.921967,20,4535.274395
28.690549,20,4536.833174
29.506339,20,4538.160086
29.097827,20,4539.522802
27.661861,20,4540.763383
30.781577,20,4542.320204
30.933474,20,4543.597244
29.362471,20,4544.911798
27.026398,20,4546.201807
29.18812,20,4547.753765
31.098801,20,4549.426384
28.804251,20,4550.796338
28.189263,20,4552.105693
28.886159,20,4553.641952
29.741854,20,4554.997013
27.754535,20,4556.406655
29.452966,20,4557.698754
30.718372,20,4559.38564
30.515825,20,4560.778893
31.828275,20,4562.207211
28.268972,20,4563.809299
28.394628,20,4566.799511
29.379968,20,4568.151903
29.305336,20,4569.881939
27.978615,20,4571.804729
29.412831,20,4574.029696
28.701524,20,4575.879767
29.073162,20,4577.862574
28.987148,20,4579.614677
27.969479,20,4581.669714
31.157264,20,4583.46177
30.260465,20,4584.687304
29.125243,20,4585.882787
29.516937,20,4587.225211
29.602088,20,4588.864017
29.854759,20,4590.219422
28.461418,20,4591.929817
29.401158,20,4593.177584
28.965609,20,4596.384696
29.511288,20,4598.971689
29.071416,20,4599.922248
29.566462,20,4601.012531
31.502384,20,4602.549585
29.000736,20,4603.994148
29.538641,20,4605.147367
29.124987,20,4606.289468
30.583707,20,4607.886577
28.602975,20,4609.130081
30.848035,20,4610.249465
28.897993,20,4611.427843
27.371821,20,4613.04918
29.151638,20,4614.325472
30.237166,20,4615.443445
29.715883,20,4616.547362
31.25624,20,4618.13612
28.579307,20,4619.387806
30.479037,20,4620.472322
29.680858,20,4621.548774
28.539939,20,4622.996174
28.781389,20,4624.226796
28.70733,20,4626.595448
27.683012,20,4631.083108
25.489554,20,4634.070875
29.757733,20,4637.005642
30.715408,20,4639.591604
27.668426,20,4643.025169
28.081581,20,4645.831705
29.45633,20,4648.617015
28.768961,20,4651.745542
29.781651,20,4655.260326
28.649543,20,4658.149208
27.540094,20,4660.953646
30.980338,20,4663.528585
27.010744,20,4666.941495
27.197441,20,4670.124532
28.831553,20,4673.230456
27.149251,20,4676.105176
27.798869,20,4679.630673
30.432638,20,4682.603749
28.544872,20,4685.534277
29.122837,20,4688.618388
30.573721,20,4692.226145
29.827756,20,4695.335204
29.842933,20,4698.473311
30.839829,20,4701.506177
28.490804,20,4705.006461
27.521678,20,4707.831648
29.94591,20,4712.056565
30.550997,20,4715.074357
27.898705,20,4718.394873
29.560023,20,4721.256369
28.335076,20,4724.240329
29.250994,20,4727.200578
26.146507,20,4730.741705
26.940732,20,4733.561433
27.098569,20,4734.472072
29.609543,20,4735.311248
26.486198,20,4736.540344
30.392775,20,4737.458804
27.708573,20,4738.38888
29.70702,20,4739.207774
29.88878,20,4740.39148
28.537058,20,4741.264649
28.930513,20,4742.240041
28.914961,20,4743.021958
27.375935,20,4744.266764
29.889018,20,4745.140394
29.477083,20,4746.060568
29.821218,20,4746.876618
28.210825,20,4747.688029
29.747231,20,4749.033503
29.649396,20,4750.087819
30.41681,20,4752.662813
29.406999,20,4756.901583
29.278791,20,4760.775553
28.531767,20,4763.804888
30.901263,20,4766.606978
29.766186,20,4767.485684
25.342429,20,4768.694552
27.689057,20,4769.652488
29.659747,20,4770.468516
31.347795,20,4771.679452
30.535357,20,4772.540765
27.707294,20,4773.624905
28.034482,20,4774.589417
29.662835,20,4775.535029
30.672851,20,4776.999284
27.756458,20,4778.252656
26.319922,20,4779.516258
31.011216,20,4780.595984
29.135778,20,4782.059398
29.489344,20,4783.314766
30.572889,20,4784.432066
28.303952,20,4785.50524
29.262531,20,4787.032824
29.350602,20,4788.259497
29.095316,20,4789.349579
28.16053,20,4790.804236
26.753995,20,4792.329167
28.327291,20,4793.52756
31.054537,20,4794.598307
28.170819,20,4796.111822
29.671567,20,4797.078772
28.186431,20,4798.304194
32.463915,20,4799.396488
29.640426,20,4800.426841
29.170324,20,4801.883756
27.642605,20,4803.073854
30.37195,20,4804.168371
30.492059,20,4805.594697
27.516051,20,4806.696114
28.780569,20,4807.919325
29.580862,20,4808.983059
30.377184,20,4810.373957
29.143903,20,4811.486297
29.617731,20,4812.768829
28.476759,20,4813.895911
30.267612,20,4815.282824
28.238039,20,4816.586802
29.043665,20,4817.786671
29.569079,20,4818.882204
28.617154,20,4820.30997
30.562974,20,4821.441677
28.909641,20,4822.627311
28.755727,20,4824.114414
28.820156,20,4825.586016
30.601633,20,4826.750417
29.424579,20,4827.913812
30.670376,20,4829.007417
28.721597,20,4830.410977
30.331918,20,4831.63766
26.895539,20,4832.842335
30.494377,20,4833.898718
30.91633,20,4835.268484
29.517004,20,4836.545366
30.63145,20,4837.596595
29.256503,20,4838.693207
27.745287,20,4840.205797
29.558936,20,4841.570962
32.266057,20,4842.64085
30.174125,20,4843.733469
28.461593,20,4845.225322
30.594086,20,4846.494989
28.661114,20,4847.57478
29.34735,20,4848.671932
29.002968,20,4850.086947
27.743471,20,4851.391237
29.482833,20,4864.317854
27.447114,20,4865.501352
31.689052,20,4867.01731
29.290602,20,4868.452974
30.515172,20,4869.625247
30.210912,20,4870.795316
31.389365,20,4871.868003
29.711005,20,4873.372435
31.41802,20,4874.663761
29.461352,20,4875.917659
29.410217,20,4876.927384
28.924916,20,4877.962986
28.917935,20,4879.409459
28.828212,20,4880.685716
29.668454,20,4881.778566
29.476003,20,4882.861011
28.774523,20,4884.377926
28.98719,20,4885.56448
29.318422,20,4886.625726
29.994563,20,4887.661476
29.585144,20,4889.126155
28.840283,20,4890.363147
30.208533,20,4891.417549
29.674562,20,4892.888384
29.170792,20,4894.100263
28.924309,20,4895.482474
29.11425,20,4896.717219
29.268647,20,4898.107746
29.60019,20,4899.610966
28.260594,20,4900.732628
29.872198,20,4901.811964
31.385826,20,4902.874469
28.029264,20,4904.447287
30.5094,20,4905.87687
29.792227,20,4906.942607
31.357895,20,4908.353815
30.631413,20,4909.467834
31.533131,20,4910.625629
28.721306,20,4911.707622
28.936651,20,4913.042983
28.457065,20,4914.377819
28.964572,20,4915.72727
29.135239,20,4916.987656
28.245966,20,4918.508202
28.756406,20,4919.806442
28.409552,20,4921.116613
29.03361,20,4922.214219
28.59873,20,4923.614597
30.897227,20,4924.764609
30.838064,20,4925.909068
26.68799,20,4926.962153
25.671272,20,4928.351298
28.1644,20,4929.489086
29.344251,20,4930.648666
31.479807,20,4932.178019
29.67557,20,4933.661313
29.780391,20,4935.043714
28.552587,20,4936.283784
30.153398,20,4937.370538
29.317377,20,4938.849988
29.701721,20,4940.303375
30.107212,20,4941.387578
29.676565,20,4942.426527
27.295237,20,4943.881126
29.561923,20,4945.130423
28.911008,20,4946.155682
30.295014,20,4947.224252
28.968401,20,4948.583413
28.801337,20,4949.852361
28.989696,20,4950.938499
28.346409,20,4951.981191
31.449954,20,4953.423237
30.345899,20,4954.95037
30.352436,20,4956.20821
29.461339,20,4957.44564
30.112572,20,4958.800812
27.491563,20,4959.992445
29.470828,20,4961.049572
29.311953,20,4962.16011
29.453968,20,4963.967534
28.821109,20,4965.192939
31.380571,20,4966.232339
27.379728,20,4967.285646
29.440815,20,4968.666956
28.598767,20,4970.06089
30.351537,20,4971.153328
27.714804,20,4972.207517
29.567985,20,4973.580667
29.723448,20,4974.920974
30.530449,20,4976.025366
30.52889,20,4977.185383
30.159695,20,4978.634282
30.517623,20,4979.873649
28.43896,20,4980.901167
28.396601,20,4982.023473
30.635719,20,4983.424042
29.804449,20,4984.694412
30.267253,20,4985.770101
29.211426,20,4986.804274
29.251295,20,4988.154183
30.355763,20,4989.402402
28.397948,20,4990.427499
29.45555,20,4991.556195
29.846861,20,4992.996765
27.537795,20,4994.204095
32.331501,20,4995.909226
26.634301,20,4997.013104
28.29812,20,4998.517554
28.874362,20,4999.975276
31.72334,20,5001.168894
29.662052,20,5002.247935
29.808093,20,5003.663604
30.251501,20,5004.94789
30.156523,20,5006.0493
27.854665,20,5007.142123
29.890164,20,5008.503075
29.780311,20,5009.771973
29.263635,20,5010.819474
28.742381,20,5011.884737
29.98454,20,5013.380903
27.436232,20,5014.617993
28.843638,20,5015.661645
29.73785,20,5016.753789
27.486484,20,5018.236675
29.85586,20,5019.672981
31.982313,20,5020.938387
31.223253,20,5021.938114
27.18922,20,5023.4415
31.407441,20,5024.778884
30.280285,20,5025.841433
28.995393,20,5027.356771
28.726698,20,5028.821574
27.963105,20,5030.321004
30.509559,20,5031.424438
26.794985,20,5032.494368
29.563882,20,5033.948769
28.771154,20,5035.198966
28.430911,20,5036.280564
28.094886,20,5037.364349
27.110789,20,5038.851738
30.337002,20,5040.169333
30.719552,20,5041.237057
31.431922,20,5042.348146
31.056765,20,5043.829224
29.588118,20,5044.98833
27.93902,20,5046.177651
29.939245,20,5047.28437
30.086205,20,5048.650749
28.658501,20,5050.009752
30.322784,20,5051.146561
29.263693,20,5052.246529
28.266122,20,5053.674373
30.684133,20,5054.842504
27.373639,20,5056.097328
29.248441,20,5057.166837
28.079858,20,5058.588181
30.466793,20,5060.390912
28.995128,20,5061.482291
29.63502,20,5062.592593
30.243133,20,5063.995629
30.409465,20,5065.189407
27.458298,20,5066.40331
28.790532,20,5067.542392
30.633664,20,5068.96853
28.269835,20,5070.186742
29.463721,20,5071.362818
29.542802,20,5072.511403
29.02306,20,5073.893449
30.35611,20,5075.074236
27.5884,20,5076.271971
29.496878,20,5077.39458
30.916513,20,5078.820472
30.925994,20,5079.999438
28.524065,20,5081.179549
28.337858,20,5082.265045
28.169407,20,5083.721436
27.12649,20,5084.95248
28.135474,20,5086.124118
29.598504,20,5087.162919
29.537203,20,5088.538945
31.402389,20,5089.656449
29.522703,20,5090.849757
30.180466,20,5092.329253
29.139252,20,5093.764633
28.689576,20,5094.941376
30.197709,20,5096.181051
28.893388,20,5097.247345
28.004696,20,5098.681303
30.582279,20,5099.819957
28.956772,20,5100.958851
31.392525,20,5101.998869
30.312533,20,5103.527123
31.196383,20,5104.855672
30.012656,20,5106.164609
29.009689,20,5107.266555
31.477231,20,5108.756756
30.382449,20,5110.047662
31.557936,20,5111.46298
31.721897,20,5112.766009
31.475507,20,5114.132782
27.429446,20,5115.374619
31.469124,20,5116.812333
30.388128,20,5118.063556
26.065754,20,5119.711002
26.987184,20,5121.075388
30.25031,20,5122.549959
31.225162,20,5123.764597
30.062961,20,5125.825676
28.527835,20,5127.251407
31.073634,20,5128.679102
29.725716,20,5129.968859
30.399988,20,5131.516171
27.36869,20,5132.80322
29.389503,20,5134.219327
29.503767,20,5135.522572
28.566551,20,5137.078311
28.518394,20,5138.429183
27.759314,20,5139.897453
28.061231,20,5141.253658
31.352476,20,5142.829027
30.742077,20,5144.200789
28.63297,20,5145.686638
30.500013,20,5146.924692
29.623001,20,5148.57733
29.040009,20,5149.901023
29.913482,20,5151.420673
29.936465,20,5152.747882
31.525252,20,5153.958469
29.74243,20,5155.678813
29.618106,20,5157.115767
28.544737,20,5158.439121
28.577475,20,5159.790962
29.489275,20,5161.383312
30.171574,20,5163.43287
30.427016,20,5164.798161
30.800454,20,5166.175645
30.497595,20,5167.845514
28.799876,20,5169.404924
31.080769,20,5170.713542
29.504636,20,5172.081562
29.085476,20,5173.858183
29.376354,20,5175.366793
30.583443,20,5176.730268
29.426469,20,5178.123065
30.543248,20,5179.776646
29.72777,20,5181.303281
27.47188,20,5182.6822
30.471119,20,5184.512691
28.368962,20,5185.771512
28.309007,20,5187.206709
27.320839,20,5203.406268
28.793884,20,5204.954393
30.525133,20,5206.391245
29.630386,20,5207.764566
29.945087,20,5209.521689
28.986276,20,5210.990201
31.784127,20,5212.482204
30.944552,20,5213.886369
